 -0.695713446197009,  -1.338534193400916,  -1.287483480738971
  1.219869289266839,  -0.823005880077920,   0.018327012305070
 -0.805784538454221,  -0.574417439502012,   1.377649345601410
 -1.121730474643309,  -0.299191084499511,   0.919952652376206
 -0.874829056528547,   0.727933860132158,   0.201854434298468
 -0.611476242042975,  -1.368925243937367,  -1.219040677664955
 -0.590917890754471,  -0.159151861791941,  -1.558946820258248
  0.203192005347471,  -2.072744278296179,   0.877905648778077
 -0.209261146345506,   0.734206212805664,  -1.206223672839659
  0.628079685929450,   0.560771279483582,   0.202731235932756
 -0.883305105859981,  -1.204083790182686,   1.231355611677270
  0.882445436568522,  -0.120918477823297,  -0.530628180986658
 -1.443035554801116,  -0.730648516023221,  -1.739064959020117
  0.947605750579632,   2.523288563097229,  -1.520494779318538
 -0.259110154623531,   2.784884232303770,  -0.496543904233795
  0.193944826655785,   0.552445299880514,   1.259935583645035
 -1.942786314536385,   1.687947377818451,  -0.946431001244031
 -1.258060130736414,  -0.229949359121840,  -1.337900770691159
  1.214463533203135,   0.958541942209656,  -2.329793828944241
  2.041797153230323,  -0.400870418149875,   0.990475391861751
 -0.288139630584831,  -1.191473388218910,  -0.486188113576244
  0.664527621941899,   1.443978672109157,  -0.262561578107337
  1.860338355035277,   0.330374726418823,  -1.400498628372905
  1.834401780035470,  -1.400920318014000,  -0.237459685803417
 -1.774583087611379,   1.187801828827781,  -0.159925588835295
 -1.055437535914620,   0.613437568012923,  -0.025111780643323
 -0.439694793511912,   0.219567660108607,  -0.171754916393885
  1.433705224998502,   0.072824225273046,  -1.234187448525335
 -1.296358941991259,  -0.751102848024262,   0.414975343816517
 -0.303691799367361,   0.123476912238431,  -0.364561598211451
  1.291695753682901,   1.045994958341972,  -0.174466050384401
  0.062817237838981,  -1.525495189172242,  -0.709524936162024
  0.477327094539849,  -1.654061696334642,  -0.338994027592740
 -0.340387422261036,   1.014160501748834,   0.496491363412579
  0.862342696110074,   0.379801866332313,   0.105926461927316
  1.007032425160483,   0.042382528011392,  -0.268523042256944
 -0.502206356993755,  -0.803651058163932,  -0.070624073661541
  1.879227558850657,  -1.162772447017306,  -0.926435068125437
  0.645863246355506,   0.764705038722171,   0.563173970310391
 -0.683220453035379,  -0.374100753180155,  -0.721490582696912
  0.659744930106844,  -1.418717741749443,   2.130526828124441
 -0.566396731508242,   0.485260174617211,   0.065370057159708
 -0.150446456952185,  -0.722378202868777,   0.047011961606743
  0.666588486512258,   1.018302193273614,  -0.802219097078484
 -1.042515369141488,   1.181894332628612,  -0.293670781785881
 -0.366804144255236,  -0.107275474539496,  -0.059921445446643
 -1.189527444726318,   0.155212346893588,   1.795636183148500
 -0.733179734986802,  -0.061283103632260,  -0.765507325213769
  1.000161161440330,   0.295687403668269,  -0.755631410491246
 -1.439422545318480,   0.603370412955620,   0.824246923121711
 -0.586378537461818,  -0.882118686446209,   0.963528636334352
 -0.045047278963184,   0.921574024726951,  -0.422665318684220
 -1.430078224230230,   0.067156872788472,  -0.854205246750824
  0.294654972820726,  -1.434652917166433,  -0.211003102007281
 -1.973346085231482,  -1.003333726484401,   0.419668295707112
  0.219958402167445,   0.279067176584485,   1.753214055388638
  0.432847502095318,  -1.365270548794085,   2.038362131329009
 -1.251854492477462,  -0.987682407208399,   0.293159796708006
 -0.490263708488050,  -1.030302411321794,  -0.553273396275550
  0.646465162841714,   1.394739537479833,   0.375165109630533
 -0.290592383699884,   0.419431625662527,   1.231981900719916
 -1.739469614642244,   0.821264469881060,  -1.001015226446852
  0.035580160036858,  -0.557278962302077,  -0.593627203849751
  0.316073783623678,   0.151241829123203,   1.471048110440440
  0.060854385694325,   0.235093625158560,  -0.726802000816406
  0.448204699206028,   0.272614220888772,   0.809780993819916
  0.431469918090827,  -1.086355152830904,  -1.512433385101840
  1.319001715923425,   0.925457846861605,   0.763072137368424
 -1.046503630144314,   1.198788498797969,  -0.729261142452775
 -1.683717213522907,  -0.014046569756385,   1.643414685755020
  0.889475957667138,  -1.108765901042511,  -0.341632707602569
 -0.361099640238537,   0.795042788827237,  -0.021395798331677
 -1.219727122973365,  -1.463140233038200,   2.115557861881717
  1.131716202628641,  -0.512949839189409,  -0.380077222275898
 -0.516707012970229,   0.682784165170488,  -1.039059262667381
  0.969647246818265,   0.214576144417845,   0.467548888302976
  0.388385560581536,   1.675946091409337,   0.436564585681913
  1.473534585535629,   0.023259038682624,  -1.110010099061634
  0.466526526700975,   1.114206484460120,  -0.108231651970077
  0.713895079005059,   0.800385021330625,   0.861763249287493
 -0.679549425908409,  -0.907395266217974,   0.907693400643431
 -0.641561166818579,  -0.555413561223496,   0.515449532074556
  1.631559570472467,   0.164698226922285,   0.547725900438580
 -0.369500584043542,  -0.256258186860968,   0.743601290666800
  0.187756262006675,  -2.002873811481777,   0.939697159159649
 -1.523897605180725,   0.471676235093833,   0.180505750363877
  0.622657501710881,  -1.001067220405187,   1.146650145284226
 -0.122314108620710,  -1.446352190152535,  -1.088879059083210
  0.445243416699067,   0.918397114846924,  -0.158351770597000
 -0.263686536707801,  -1.782463383158557,  -0.560692724677737
 -1.097462909256752,  -0.908740459969643,  -0.084731591941219
  1.714398020841669,  -2.605856771641992,   0.028306214583533
  0.201814832297901,   1.237385765217667,   0.706459237143958
 -2.063730705574685,   0.001676741011701,   0.031986133655234
  0.242096377743808,  -0.691460884834422,   0.272649471421816
 -0.623574628783876,   0.730836318608986,   0.532922041742448
  0.003359730547483,  -0.062808917918911,  -0.130521754095540
  1.531708274438188,  -0.246619309127404,  -1.253264435469492
 -0.439950565938959,   0.397175605064330,  -0.424778451893013
  1.720021183590276,  -0.734172125097127,  -0.599517618018930
  0.379130944918477,  -1.057566384895243,  -0.503722896408541
 -1.116923127901542,  -0.642239596632022,   0.127558136845261
  1.913434248320614,  -0.416716084400564,   0.352107050607594
  0.675873754591170,   0.435387345256790,   0.044410476070372
  0.727049665870906,   0.227422490455911,  -0.578506230622912
 -1.406364727454979,  -1.226507493075235,   0.553533842185748
  0.933711942101819,   1.992616921347926,  -1.186995999213511
  0.621443244532064,   0.632841897005809,  -3.103884237331844
 -0.939947729882978,   0.450166342794814,  -0.011737603113192
  0.870139980852703,   0.534270449748208,   0.724123267321400
  0.548975088556838,  -1.279045942459129,  -1.982646083466837
  0.522565066493006,  -0.156935386047210,  -1.387897619676903
  0.738444428684845,  -0.263645958767020,  -0.297250880357664
 -0.766613061544789,   0.316658761339860,   0.542256184083870
 -1.270632823197219,  -0.201611675064140,  -1.469643592418590
 -0.797865617734407,   0.244413198997116,  -1.535627630898042
 -1.416259911549513,   0.502666434847094,  -0.075263988401094
 -0.403243562400246,   0.599518905895165,   0.886090580249134
  0.919894795027439,   0.135004254745669,   0.647281005192295
  0.082220801210860,  -2.544320441544476,  -0.776625148106684
  0.343481356959883,   0.382107087916590,   0.371427774697422
  0.865789411166085,   0.965232836608760,  -0.170939476521299
 -0.831267616099806,   1.256260398624818,   0.839443125046368
 -0.351265097181423,  -1.145571981721527,  -0.763408488361166
  0.323729660900545,  -1.119072933385133,   0.131333892724790
  1.341010176957735,  -0.462104199693921,  -2.047971987962359
  0.184712768282398,  -0.594235467054652,  -0.847520018663400
 -2.099224919593945,   1.010685621325814,  -0.013053044233290
  0.776298872520904,   0.179797201577623,  -1.199769315257437
 -1.037944940637730,   0.661251894863556,   0.424175246530247
  1.103470558266831,  -0.153804242901644,   0.109753006575448
 -0.335816820502767,  -1.113945319589253,   0.636996387009958
  1.507254695112881,  -2.089689883417038,  -0.201670396577383
  0.771448630600574,  -0.602414183830467,   2.771043268566631
  0.183081100623743,  -1.675112939400616,   0.121876070521729
 -0.971566357408467,   0.656171928313750,   0.016509591290244
 -0.827761230987850,   0.267667601860068,   1.004306036431139
 -2.020438038637403,   0.565529665420015,   0.283495500476587
 -2.246365904142549,  -0.108467711352686,  -0.297713074184959
 -1.550310897367401,  -0.782650234645587,   0.001749706808112
 -0.985779073529622,  -0.638776926320793,  -1.815107161318152
  0.265610315165718,  -0.192831528521937,  -0.323844987549790
  0.252428803711499,  -0.779012738040787,  -1.163898854449197
 -0.849938478166090,  -1.506568522764619,  -0.091377540989835
 -1.025989519798377,   0.945924167892130,  -0.933568063677318
  1.247057434623302,   0.837909816755891,   0.087083286904950
  0.181026865780220,  -0.559752126489051,  -1.649987912506678
 -0.423238806452269,   0.572252282088661,   0.239891608384208
 -0.457590451819485,  -0.333116301334582,  -0.383307904023241
  0.468853723154974,   1.347064254068759,   0.195670537680746
 -1.572262457715571,   0.377043236033676,   1.111937900120727
  0.245225651024882,   0.256279751467602,  -0.165826584845523
  0.585528041658747,  -0.811910549821049,   0.263931557193214
  1.419943154213654,   0.052973588989146,  -0.631713990671811
 -0.674814374746708,   0.406859167742957,   2.242215559388613
 -0.023856129490450,  -0.613112897196326,   0.966722213416735
  0.851825131064312,   1.627051363440462,  -0.743096196805183
  1.651886780132884,   1.755693436958133,   0.033568279065546
 -1.340032447970428,  -0.747299138502405,   1.043138620573162
 -1.670923381754905,   0.498649927762690,   0.760769118014007
 -0.478811584580471,   1.619756911250443,   0.987130334661592
 -0.074263686398672,  -1.327616983480832,  -0.099084756881423
  0.456515900575445,   1.571820213304049,   0.780783899644002
  0.226475924836251,  -1.307231529394382,   2.409279375526909
 -0.625024289493042,   0.858488427204018,  -0.143271782239539
  0.847658887654252,   0.175343744982392,   0.160521658564918
  0.164975520466094,  -0.490833873656227,  -0.448841370638895
 -0.397703060312863,  -0.507865311923593,  -0.134920761971668
  0.114959402936295,   0.581553774198025,  -0.101471592391336
  1.284072545690147,   0.345964919223325,   1.719972128147187
  0.529022502015271,   1.260964952612072,  -1.079122564948521
 -0.413846078557783,   0.228130254665818,   1.317812000345427
 -1.686975484764635,   2.219781116424305,   0.286458951075328
 -0.279727606235070,   0.303567502930258,   0.331857694743301
  0.205080752620726,  -1.544738648910537,  -0.688699169194637
 -0.451901347668350,  -0.195659898183451,  -1.751660824403149
  0.482728687249376,  -0.777152744306651,  -0.451296359073589
 -1.138602251798785,   1.940521039716752,  -0.972348907623357
 -0.382351124541312,  -0.451114407488384,   0.427493088850336
  0.562520607477788,   2.086562895079552,   1.392174142010330
 -1.533658139070094,  -0.006653397731816,   0.230373370286190
  0.486786737166212,  -0.545259713905852,   0.170100872581925
  0.124064274047079,  -1.187069771107867,   0.276175916148345
  1.541177171277955,  -0.644880353671051,  -0.488958377355216
 -0.636247427507205,  -2.052818412724727,  -0.285341484525753
 -1.634351557994223,   0.313692114705350,   0.432605805277953
  0.810652667971364,  -0.265983520553969,   0.822082037243793
  1.114066679686480,   2.033587521021845,  -0.618397053203815
  0.825298873575486,   2.176111736164956,  -0.589185982753142
  1.662435339486915,  -0.706955905592751,   0.645656228931097
 -1.308519192244198,  -0.237433858485089,  -0.301799467101771
 -1.061701981205356,  -0.148855692956097,  -1.691456912484517
  0.501748213849393,   0.070522020748697,  -1.324988963581609
  1.254023950423198,   0.370946795927942,  -0.095146057172710
  2.305793070546587,  -0.128916006918496,   0.342970637126396
  0.127531595241501,  -0.270484481641686,   1.162378630161542
  0.312490745884012,  -0.412628554947773,   0.489044688934725
  0.813388196259767,   1.270759625130645,  -0.514066291520288
 -0.275478287993856,  -1.816864532677463,   1.062016977961181
 -0.042163716760718,   0.947115423329805,  -0.735351403215967
  0.101449010494554,  -0.858567989176251,  -0.116153449370232
  0.167452701419432,   0.971281143290725,  -0.238240758477513
  1.905638840646183,  -0.343882374318205,  -0.270234349392852
  1.123852650862776,   1.278896938128818,  -1.256071878247697
 -0.388039867586325,  -0.869252195188505,  -0.161306573624156
  0.496199914093238,  -1.458812048256971,  -1.030343354006538
 -0.872607544280073,   0.718463352684497,   0.867994998692588
 -0.547622062534256,  -0.001889518092912,   0.056452797735891
 -1.321413129748080,  -0.387850372669064,   1.084494086982201
 -0.007859248874450,  -1.010261952337285,   1.125542240927304
 -1.328724973454749,  -1.139394184016945,  -0.146194143017125
  2.434201823092714,   0.586345408777147,   0.928464016125037
  0.900373885400303,   1.378613636554876,   0.570748443535039
 -1.372805657491400,   0.374073480733064,  -0.897913080983788
 -0.507407673083670,  -0.141701181576965,   0.135401658658136
 -0.541388069298991,   1.884724548555847,   0.730928261659301
 -1.714934394010323,  -0.102898846223253,  -0.566948090054218
  1.041507791788523,  -0.339100204605172,  -1.966153164992793
 -0.383884083291969,  -0.548946720597673,  -0.636872293487608
  1.162937197021638,   2.658793397270417,   1.000983137624802
  0.419566539202780,  -0.499759257652011,   1.276249570964751
  0.898039614778877,  -0.094494163272043,   0.640818035543110
  0.345846680578478,  -0.240429912876995,  -1.655778343460404
  2.334518586254372,   1.052961322232156,   0.778612639530692
 -0.114690553635388,  -0.367279796810099,   0.115226467611326
  0.136880905037485,  -0.432709234262853,   0.912934603884301
  1.051944997999525,   0.557889794208115,   0.710540243600411
 -0.378094801648843,  -0.529575099570572,   0.454345711234151
 -0.065937601030477,  -0.743068335942691,   1.349785953646661
  0.278547179459469,   1.075467839964989,   0.786882392397388
 -2.714654515065567,   0.787408555137502,   0.675475828430524
  0.217877084240172,   0.095443829589223,   0.614815669722283
 -0.132226981390712,  -0.660086248215511,   1.142368130277375
  1.481603873418022,   0.469776952758504,  -0.569242167445895
 -0.410265482446995,   0.522168978428786,  -0.880257794323999
  1.789518366804998,  -0.572816666880719,   1.281924192420590
  0.284591156056239,  -1.049419899809513,   0.198236614852099
 -0.668259156403924,   2.257571130531421,   0.244282113749775
  1.022598336863273,  -0.177619049700338,   0.472368016135219
  0.151495797428916,   0.884163342308457,  -1.526672138297789
 -0.392672114061341,  -1.183351561475001,   1.426490384109838
 -0.103573220753244,   0.483738985584029,  -2.780190532881111
  0.514203408785347,  -0.215890744072689,   0.793187171340038
  1.428419424149769,  -0.255034623069801,   0.152187624596795
 -0.286418990403924,  -1.122249818556317,   1.139601998138237
  0.753869897956656,  -0.843291288462952,  -0.587063432493738
  0.216228425914750,   0.332554741605095,  -0.536423330647459
  0.744430589037727,   0.158679949385673,   0.067950813275054
  0.234654870539096,   0.982115847571399,   0.816672004233760
  0.358211546821420,  -2.284621322177319,   0.190129049723747
 -0.847514814472150,   0.849005391837035,   0.582532727986060
  0.359342156782512,  -0.090325742303672,  -0.151764042031501
  0.367327575995237,  -0.930476672483438,   1.605945508207611
  0.396133845131002,  -0.468060259904900,   0.836277121220879
  1.119618177501385,  -0.816475973827072,  -0.461098685971678
  1.048854462514440,   1.164291933921969,   0.445915187798660
  0.236489030028056,   0.578804591439490,   0.306925569870119
 -0.420609136816950,   1.034885635257364,   0.893594484915067
  0.537389558868995,  -0.435168081148637,  -0.917636266735952
 -0.119031121019416,   0.663969849551449,  -0.911455406864798
 -0.273625650201139,   0.063854599099350,  -0.595124027942114
 -0.090281404167330,   1.006537600040108,  -0.648955152214122
 -0.327320150473883,  -0.126603457016931,   0.828000331054210
 -0.323397794096788,   0.364926278355675,  -1.364479008547456
  0.409745999256743,   0.564713722733869,   0.403052436569172
 -0.123417687534956,  -0.542442041781283,   0.164859692661047
  1.362430401738867,  -0.030868461717360,  -0.194187294844075
  0.746066817165913,  -0.353316826433752,  -1.811194635175754
 -0.743387001594470,   0.246086360026082,   0.522207300526496
 -0.061314866972674,   0.876926070123643,  -0.441184439457930
 -0.357793046208205,  -0.285607448422075,  -0.397607503130010
  0.331592885114693,  -0.620104219668809,  -0.379399961238363
  2.067139058493031,   1.458838834272690,   0.567236166730727
  1.767602304422013,   0.122812625692333,  -1.413574292557690
  0.541044122297339,  -0.425855858625017,   0.247620920283827
 -0.193815828773884,   0.351300673537865,  -2.615964235206819
 -0.639545232340220,  -0.202576298330260,   2.328175412617316
  1.175159061735635,  -0.896819692472459,   0.224362209742730
  0.149643386422031,  -0.248492968320971,  -0.699248410756228
  0.633797401373625,  -0.306206889417230,  -1.598466568321868
  0.108154377538335,  -0.938666665995093,   0.790882707875333
  0.298045453916456,   1.139990416631785,   1.586755412936111
  0.046277796310972,   0.362537963964952,  -1.406975828053286
  0.256360345584555,   0.171447435446972,   0.572794346002988
  0.093176451664981,   0.648180615475681,  -0.205823114133616
 -0.140268517552558,   0.030813491449330,   1.666842279536057
 -0.596475685924157,   0.477311096927086,   1.150535657744444
 -1.701925138985661,   1.483459050867509,   0.670874046405046
 -0.475667583682466,   1.536742323410464,   1.013566645047618
 -0.921564914113135,  -1.297318010766463,  -1.271152167420496
  0.582228231112428,  -1.342915963975566,   0.372294914864787
 -0.791560437024650,  -0.978114745313983,   0.834197668366370
  1.494427081881998,   0.392477242037808,   0.577335892777952
  0.535178409980600,  -1.716653868784304,   0.156699488378470
  0.765453454022159,  -1.810106603729329,   0.690759528349859
  0.157981983481747,  -0.084316836245654,   0.735919251729908
 -1.069925449739111,  -1.943588414059980,  -1.608624623397676
 -0.168432096282837,  -0.421172757327356,   0.257084721045284
 -0.470022986601380,   0.022419878544676,  -0.928024299977513
 -1.243228114688449,  -0.209042480500187,   1.070170775270664
  0.428699052923890,   0.034914520274705,  -1.011103007155331
 -0.347152418004351,   0.028111880097527,  -0.968149646228410
  1.383310542757309,  -0.437230632685003,  -0.874287139481313
  1.241168236503298,   0.606006536807932,  -0.178661447043602
 -0.510079167573345,   0.458497348836000,   0.263021557604865
 -1.126857057437465,   0.238969525951467,   0.236574703541788
 -0.954701233519341,  -0.023970828488897,   2.002110625044376
 -0.012932958693735,  -0.467383957671766,  -0.562174695145001
  0.175240544638145,   0.343430317427264,  -0.085613681528206
 -0.929998756415512,   1.512829694182619,   0.449691248028238
 -0.965338281089074,   0.261049947650265,   0.280301036540662
  0.448461758413885,   1.420287616031908,   0.766062117703178
 -0.147024330651641,  -0.283323502862185,  -1.055557582484964
  0.413258241547442,   0.424560273299967,  -0.009843322557261
 -0.701448230407192,  -0.839530306316127,   0.491327593653216
 -1.896451897856951,   0.149473992005499,  -1.298847299966282
  0.067528639706655,  -0.058702915334095,  -0.819256782737428
 -0.058301948687156,  -3.261405139596544,  -2.018161419704926
 -0.752023782947463,  -0.039095158812734,  -0.065256861872015
  0.479780001610364,   0.909692521984483,  -1.938776953808582
  0.079624366392295,  -1.514568188981402,   0.557620110765914
  0.508058202600403,   0.108053089428798,  -0.844423566704455
 -2.278827731467775,   0.709990100185713,  -0.649796528174000
  0.459205529265099,   0.549360361000559,  -0.106370244409599
 -0.348749971604551,   0.584189166073306,  -1.583091561351194
  0.103523554716918,  -1.773570315964807,  -1.129084962950079
  1.140310305632953,  -0.704367292498163,  -2.108593393942040
 -1.184459468023520,   0.892939550679383,   0.983087750623741
 -0.489993832089437,   1.169850908451646,   0.260634844881008
  0.553813963483887,   0.182116119111158,  -0.351988337293614
  0.965619218038544,   1.171011851940944,  -0.291444682604223
 -0.001416680303181,   1.204522553667864,  -0.126823287218803
  0.983390833709407,   1.748799209238389,   1.239620067933501
  1.190688331908831,   2.002954648064899,  -0.345057228114358
  0.942002124803676,  -2.694917004236942,   0.451674703047902
 -0.472782362227077,  -1.229653424866332,   0.411423571537680
  0.651759964145274,  -0.786225383195171,  -1.456943534749157
  0.913110221950704,   0.847789028882616,   0.060916557485199
  0.332595565211771,  -0.834746143008559,   0.911204897234273
  1.196365295118084,   0.778598957387270,  -1.308439201515569
 -1.485502845074928,   0.860646521475835,   0.521198187020667
  1.668508867616531,  -0.115628220627836,  -2.518179937370924
  0.587936455496921,  -0.405757621776980,  -1.065462553685403
 -0.634118689640723,  -0.474136356657493,  -1.170833274045481
 -0.532512641348390,  -0.382267437033101,  -0.057093689767290
  0.520338084706661,   1.207888697227748,   1.020479343877288
 -0.699496634352465,   0.827426976810019,  -0.287961826625041
  1.003820788691596,  -0.818839750729837,  -1.082887702835890
 -0.196597526839320,  -1.846112967418353,   0.666189033980091
  0.349993972216744,   1.641613088751434,   0.070717077206999
  1.451683353492722,   0.645652159075328,  -0.675123873155732
 -1.200841921818256,  -0.378384123476478,   1.456145197274202
 -0.959386570549988,   1.154111764683206,   1.898381983744569
  1.338411361653221,  -0.243189955111142,  -0.804390945684330
  0.129116551945720,  -0.346256578936607,  -0.280606009312307
  2.544512487947678,   1.823598231251805,   0.213382667163240
  0.303596474322416,   1.709025416152940,   1.799885895230468
  0.132563693832236,  -0.025817113320105,  -0.518805046397680
 -1.072147277761425,   1.064768455305821,   0.325050164330123
 -0.763371696227243,   1.772020426350611,  -0.657249534449238
 -1.449765808823340,  -0.041824822309217,  -0.223286743749053
 -1.152402420376591,  -0.371401715922559,   1.434814961034522
  1.293531955150790,   0.618204091170320,  -0.989412993215342
 -1.161445275127444,  -0.168761321741459,  -1.152976864010067
 -0.557338884457732,   0.349782666273505,   0.120504801781507
  1.614447391121926,   1.400862238846114,  -1.899263508410807
  0.614713646477372,   0.941162416234158,  -0.533107568089034
  0.611634342947839,  -0.588305003560606,  -0.413357860823307
 -1.356786224239265,  -3.049199361367680,  -0.469008041825008
 -0.197491068589148,  -0.666241863022446,   0.536563534699094
  0.211471992690347,   0.019138436702463,  -1.845702224251821
  1.524282636204783,  -0.448258184957197,  -0.333118086872809
 -0.728709071485470,   0.545951381738283,   0.726722610622524
 -0.559594867712294,   1.297938289894372,  -1.293132704453223
 -0.893414160740518,  -0.831352293611014,   0.485403737719284
  1.333809736350932,   1.727339683234984,   0.302036918958349
 -0.097117876424110,   1.849687746469816,  -1.331938440296334
 -2.125175393381809,   2.320536706565912,  -0.902509293784258
  0.011017928013956,  -1.483547450536506,   0.529636063328819
 -1.146479892184236,  -1.080240416130685,  -0.113669924385832
  0.796682389121469,  -2.492537574298633,  -0.034043624052342
 -0.666067767532390,  -0.519766957801927,   0.957083233952084
 -0.980862065586899,  -1.248426173162763,  -2.125784995892694
  0.160740909647191,  -0.407139532886005,   1.953857578001111
  0.692518310762865,  -0.718595648815181,  -0.409474906940952
 -0.394237750381254,   1.502974733509593,  -1.048818677743394
  1.095562774568303,  -0.133518316439202,  -0.089138389448928
  0.048444793607882,  -0.759312015190311,   0.300096570110556
  0.088234248248199,  -0.082008931673124,  -0.227031402240953
  1.892933648415948,   0.651297490100863,  -0.311214419729342
  0.749558157409021,  -1.098912157026085,   0.149273933942975
 -1.481114287571777,   0.635988343928563,   1.050103035156665
  0.375733422624087,   1.340479478684063,  -0.183927403199068
 -0.102071813094632,   0.185875937750777,   1.537161801863604
  0.696397401041388,   1.518032684131132,   0.502882873945680
 -0.900778223083799,  -0.669643555645866,  -0.961504074262926
 -0.909343460278407,  -0.232096928062816,  -0.685664367338770
 -1.224994590659276,  -1.962712934448596,  -0.325847277216259
 -0.189546699280376,  -0.446854785823269,   0.327128205751212
 -1.638957833559688,   1.333758383120610,   1.085561160523436
  0.172561785554345,  -0.631641349238087,   2.178981199950313
  0.892975876469638,   1.224351128026060,  -0.412184057271470
  0.609624780384855,   1.084164823771386,  -0.029200832182893
  1.099252339061626,   1.428581150507852,   0.404439885935524
 -0.841564655246279,  -1.494329430832882,   0.144306308783924
  0.876911802200030,   0.870761861609485,  -0.363468228020202
 -0.331562174819888,   0.241277575380056,  -0.794664497558669
  1.224985721697560,  -0.962509535698134,   0.657765699797746
  0.083318846576429,  -0.984670828369509,  -1.184100998252641
 -1.362372730253717,  -1.042544421791063,   1.712173160401067
 -1.389091978361192,  -0.172558167477332,   1.823332205985024
 -1.719481874684527,  -2.393502031371917,   0.810005286383476
 -1.402973403680448,  -0.662534762616186,   0.007889535109880
 -0.128564029587855,  -1.064105452709367,   0.704498283183268
 -1.005033691381362,   0.679279536985830,  -0.373658001613636
 -2.611623546528628,   0.106444653498574,   0.507227148225398
  1.741052296854128,   1.586741891735348,   0.358027655481600
 -0.298872850526489,  -0.790913528893434,  -0.602365424142462
  1.146545621232990,   0.299501939731632,  -0.505485268734300
 -0.317058239465744,  -0.936812099599205,  -0.389484594123524
 -0.169524391799560,  -0.035958535802369,  -0.153767266606485
 -0.094860607884177,   0.527742138473454,   0.185443127019759
 -0.048694107962542,   1.856573720771988,  -2.084914395475606
  2.108433235676062,  -1.214995666041658,   0.362214448475800
 -0.433233209459376,  -0.568505889331123,  -0.976785714872225
  2.588505831889270,  -0.536476008393207,  -0.081782463753155
 -1.594440711629752,  -2.109345031943794,  -0.196088069078391
  0.328131436491332,  -2.754554866913411,  -0.517455543875865
 -1.419755664568124,  -0.104309318750759,  -0.259675887429584
  0.471331222402362,  -1.037875532448696,  -1.428992381652449
 -1.615356409205659,  -0.595736768084292,  -1.319087617373260
  0.054901724782299,   0.439278561404759,   0.341907975078672
 -1.167353671931276,  -0.495863632044452,   0.365881365017936
  1.978528905599267,  -0.599820524404690,  -0.554721420012887
  0.992144547503580,   0.169370072119037,  -0.714152484755816
  1.639589695680292,  -0.330101283870662,  -1.149277840439336
 -0.493197493300891,   0.537474915927171,   2.547759556631401
 -1.213524378333191,  -0.099923278269799,  -0.581871463462614
 -1.351014095749288,  -0.019170533024044,   0.178497763618943
  0.492602921037655,  -0.417990526522627,   0.141280798582198
  1.366083586350405,  -0.530980842112763,  -0.494958823790077
  2.220390054453889,  -0.696539210644684,  -0.406436513957026
  0.928115130249880,   0.742529955478134,   2.160694203479656
  0.552583442586872,   0.993122139630746,   0.241296790787354
  3.059527861304542,   1.897050542308420,   0.695991455281197
 -0.361831169244513,  -1.479369265153682,   0.004459291972292
 -0.916639275373322,   0.985447846155787,   0.395485103005643
 -1.000495992117701,   1.158787291795094,   0.291682779881909
 -1.802089743589318,  -0.616570532243359,  -1.095761465540618
  1.548695202215938,  -1.080569065747321,  -0.627483102467616
 -1.520498968500776,   0.211016658760645,  -0.080166088365698
 -0.880814835237124,  -1.286723055226541,  -0.190732615849628
  1.108996951491616,  -0.272876066066204,  -0.391090257463272
 -0.454511504427114,  -0.861597427614634,  -1.157275027066881
  3.526610436912736,   0.891886074889390,   1.439982427373516
  0.112763247542627,  -0.113155596515322,  -0.251588806567024
 -0.811276960696924,   1.673384556749442,  -0.682755365738599
  0.758461866747222,   0.771466871573917,  -0.222236562788249
 -0.747620293316746,  -0.153183951475630,   0.654295623938059
 -0.087718592168365,   0.998624437918826,  -1.502379212053217
  0.020667033869985,  -0.696741683414963,  -0.834210078857775
  2.031209141513215,   0.116966475308480,   0.994746346461807
 -1.140785881020093,   0.714790680665807,   0.716295388381792
  0.724645109199896,  -0.392177492913987,   0.617314553873192
  1.439581798232044,  -2.186665466531144,   0.901580746496994
 -0.860752563114436,  -0.096393567813703,  -2.488675666021511
  0.043284162859871,  -0.146366246287674,   0.384892598735076
 -0.891675402884829,   0.129236458365947,   1.343077445353538
  1.804550083496852,  -1.391963647380746,  -1.099932090748992
  0.208632301960929,  -0.765099924772328,  -0.454125460489244
  0.439338155033428,  -1.702235777697145,   0.130172430787686
 -0.240374426784686,   0.556031840164572,  -0.443543476569379
  0.409555852469557,   0.623276633760632,   0.504510189573315
 -0.554074962276862,  -0.796499008885730,  -2.408494544901314
 -2.378521970180312,   0.501189672766533,  -1.797437277221085
  0.176604566773740,  -0.947333427965300,   0.480427108897956
 -0.869500816847728,  -2.445274741566573,   1.388676200103598
  0.074602803212099,  -1.389754107889806,   1.500328011124128
  1.352144786025125,   1.142809474349014,   1.467659208982547
 -0.127886234114840,   0.855073510518882,  -0.888983541394422
 -1.345659250717027,  -0.654229028149021,  -1.569138930707261
 -0.153602424523205,   1.405544245609652,  -1.228121320384554
  2.173288616903243,   0.816226438147912,   0.174060779070609
  1.486390430679480,  -0.395421851445263,   0.682211604847021
  0.988485209813561,  -0.219506349601962,   0.155825741163027
  1.557517353437720,   0.335379390776037,   0.973677904554463
 -0.462223413818779,  -1.627680694695934,  -0.415280369157078
 -1.156836031801738,  -0.739272296633039,   0.981325220454489
 -0.759047900691141,  -0.944390892080414,  -1.538619676189571
 -0.365641337432813,  -0.966609300134323,  -1.487133879485947
 -1.456682739224481,   0.410210689676128,  -0.271724164924400
  0.190448228639072,   0.006207342504757,   0.205877956743147
 -0.496671967901100,  -0.462926359456082,   3.495936287187613
  0.634772825311385,   0.262240211612672,  -0.438697748646378
 -0.923192350282754,  -0.901206143276385,  -0.317160178188377
  0.381863990454670,  -1.603469400502855,  -0.198920518157996
 -1.240423459756193,  -0.184608963231875,  -0.610807676928863
  0.259071249806894,  -1.171091759317537,  -1.136997007371572
 -0.436055033123833,  -1.073687004417150,   0.095547162067190
 -1.031003832312605,   0.782925551964945,  -0.430176476017007
 -0.353180742356499,  -1.568731744735205,   1.634965331123609
  0.320604869191384,   0.751771670194824,   0.934281174057295
 -0.020159900078863,  -0.674911705179452,   1.362274907298224
  0.033845911525493,  -2.341247940274459,  -1.477362632323463
 -1.121625465543699,   0.119803095963295,   0.216886920116955
  0.385283937116928,   1.028355907809604,  -1.854911011606440
  0.195653020186824,   1.787959247220727,   1.063645112195229
  1.174962865155228,  -0.722576106984610,  -1.785983238635094
  1.688966879550618,  -1.271420886226098,  -0.860086714545155
  0.365997799661463,   0.368129459516249,  -0.234959149708311
 -1.735939591200008,   0.725161841277559,  -0.250014467575067
 -0.835065726047641,   1.322994001436385,  -0.784262133860646
 -0.615320853169961,   0.237357836018279,  -1.112633276472952
 -0.246122193245175,   0.935621750254373,  -0.754707479425763
 -0.314296880266059,   0.863406819550481,  -0.478386079420030
  1.682555579692903,  -0.291008833086869,   2.919212986309382
 -1.849507048193793,   0.187041061499410,  -1.450572200671712
  1.356372935671081,  -0.076346337703550,   1.197111214139426
  0.565479495612576,   0.507752538065774,  -1.123732147320313
  0.655322446251375,   0.269528001675509,  -1.380657463202431
  0.488779354105824,  -0.075168316599235,  -0.471078640715997
  0.230693109128312,   0.933284298261100,  -0.546883927856057
 -0.072709134310536,  -0.079711376396851,  -0.077619854571292
 -3.408485929509946,   0.524625961357519,   1.306910730202948
 -0.656295522907196,  -0.606205265611415,   0.596159775018213
 -0.029481649586284,  -1.796775136911463,  -0.305174229000487
  0.855726153351185,   1.121919669981951,  -0.017659620172915
 -0.099836090533295,   0.596889188803187,   1.120254439589685
 -0.135338344360239,  -1.091348175786113,   0.801633588460172
 -0.913686536342141,   0.017281411327535,  -0.643441286357957
 -0.818600190388533,   0.974608361834815,  -0.666705704831266
  0.684161714855376,  -0.457498748889120,   1.270571439603597
 -1.281552117975618,  -1.304129271044927,  -0.512350811316585
  0.974075337804713,   0.221879466958371,  -0.041459209126686
 -0.853294341612681,  -1.068487228476430,  -0.630072856313040
 -0.617373120780056,   0.432496000045159,   1.883959383740371
  0.013685573185944,   0.100628448048706,   0.052008166113555
  0.599645398015765,   0.697682312440918,   0.084635309050369
 -0.174573748759402,  -1.743079018947821,  -0.836649607586972
 -0.690952701477826,  -1.607613228963941,   0.081117684003369
 -0.145394462857360,   0.301984995133659,  -0.276723047880972
  0.001714727829702,  -0.551855034363662,  -0.884755345974163
  0.909692053853861,  -1.351487880106529,  -1.547635098921628
  0.766090287297614,  -0.489888582433626,   0.104182269423109
 -1.009415762460647,   0.492999956493091,   1.355920824968656
 -2.181008564672319,  -0.521746949312267,   1.298794734116744
  0.107548553614399,   1.703023978795895,   0.041549663736631
  0.976543294259869,   0.879608859312610,   0.483039787917497
 -2.964721082508446,   2.430654682455479,  -0.132462368092493
  0.729033502562440,   0.328080857797272,  -0.870195358142870
  0.833490080095892,  -0.398539259271837,  -1.432982362744918
 -0.171705933747132,   0.539626403388389,   0.702181153365167
  0.781614519957941,  -0.765912988078242,   1.182377707280714
  0.683291071830512,  -0.429540774464286,  -1.260692852600134
 -0.806685145163246,  -0.033859250052068,  -0.228625842052232
  1.229912653309124,   0.291426647104423,   0.437203039108188
  1.209243088939751,   1.827549171620410,  -0.693674863310686
  0.451297456788559,  -1.584142349753191,   0.462311677824933
  0.842406386863439,   0.765653797368590,   0.672389200065862
  0.199057034735009,   1.497108943378080,   0.457937755137093
 -0.686656852431496,   0.198101597529473,   1.157839858659723
  0.297323951677106,   1.175515612481882,   1.325160664098063
  0.589627492969987,  -0.874458652743489,   0.140097223463009
 -0.343989275509526,   1.219753158221132,   1.384048511802994
  0.273884196484359,  -0.650151363219735,  -0.061751761730617
 -0.715679383266272,   1.084891697726893,   0.439944983499128
  0.574323169784028,  -1.985731976004474,   1.245270212131778
 -0.788657359073756,  -1.258464943645347,   0.574925006848232
  0.673327227221339,   2.586065402082197,  -0.750487856441489
 -0.235843519068838,   0.339533404118629,   0.390184581957925
  0.904002221729568,  -0.383566041952890,  -0.572707721776152
 -0.153041785594666,  -0.924921755922137,  -0.674357208778437
 -1.276112527786897,   0.199645564088716,   0.399690013726999
  0.858264267213919,  -1.738991307857983,  -1.881195525980889
 -1.199391821910383,  -0.577908195115379,   0.014130035959797
  0.325164243001621,  -0.855207828980576,   1.025202241768886
  0.475410710815086,   0.421051556639865,  -0.216156379580720
 -0.570388505223418,   0.444664125219456,  -1.696679171503739
 -0.951251939253294,   0.390187566602185,  -0.070083683517124
 -0.735558866187689,   1.361697953606000,   1.173020267368790
 -1.099529068002722,   0.505613106811012,   0.720107962361424
 -0.501508553746554,   0.209178172771922,   0.359031700590930
 -0.944943741829177,  -0.325879330141068,  -1.003594691055267
 -1.981290869227475,   1.451214338756911,  -0.808722555223062
  0.697688087840885,  -0.913859547591234,  -0.003818524324359
  1.166595222031571,   1.563168419980085,   2.029999457194273
 -0.826150869055697,  -0.503206679298413,  -0.873183405653166
 -1.019724997142385,   0.035768623308804,   0.381164548747312
 -1.012050158001010,   0.517665964997429,  -0.000536653572931
  1.564323251356937,  -0.686367584251197,  -1.872308927524888
  0.733145844136908,  -1.428506727060286,   1.870881389965954
  0.069821628652805,  -0.071306779277047,  -0.527260821843353
 -0.628917877979481,   0.576024376277948,   0.688565281412624
  1.055655917218579,   0.927856294966419,   0.739525699721180
 -0.234821720581266,  -0.315784833977833,   0.226694690074419
  0.708876639910017,   1.213637442498381,   0.500073787915251
  0.224711997564668,  -0.140802420668379,  -0.771636162169995
 -0.046092828176488,   0.402115568719206,  -0.585726855511765
 -0.998214631317442,   0.089578122144917,   0.461615685728306
  1.972776540852983,  -1.855437409743114,  -0.265924462533553
 -0.966521305201211,  -1.095535439995750,   0.588827801530473
 -1.498944178605610,   1.594565920471395,   1.542710949398893
 -0.223306898121872,   0.430280243706684,  -1.068302503194095
 -0.292473333043570,   0.510925724395071,   1.547158960981827
 -0.906192575360481,  -0.564640954072399,  -0.111070696750282
  0.625954000109688,   0.027428273114465,   2.053991365540079
 -0.386563974171189,   0.466432232882562,   0.338743346688608
  0.421373682297449,   0.061632981050206,   1.189648773639593
  1.307620530184917,  -0.672678363914042,   0.092534288549005
 -1.326738215508901,  -0.359965884757251,   0.099231903341990
  0.461470220654958,  -1.925871696066453,  -0.739047582524911
  1.455650627851750,   2.352241744866328,  -0.462816045325274
  0.362466739138345,   2.459890626243959,  -0.661315512178431
  0.545498462531128,  -2.298942027257905,  -1.225387282853774
 -0.244160388159686,   0.543047918680724,  -3.038402525569848
  0.657262909394169,  -0.480920224221966,  -0.838219433824293
  0.671215791165370,   0.279630188782160,  -0.957198444585274
 -0.405620612197890,  -0.352535629809038,   1.419979349471483
  0.785288264308692,   0.214789393697957,  -1.995687939616009
 -1.826898656536459,  -0.623588730107898,  -0.894195416600484
  1.402162587589181,  -0.738535426887514,   0.610197245610582
 -0.932946541714530,   1.300851269969522,   1.491169689891178
 -0.136641840643401,   1.236324358791738,  -0.360917907830276
 -0.429335594519887,   0.284455513630381,  -1.375727469371646
 -0.621125307433132,  -0.658092898228209,   0.660988259932378
  1.996071109929839,   1.147063832859412,   0.525582195484660
 -0.523634594072569,   0.069518852375611,  -0.330783507972312
  0.092684604152560,   0.639939345351244,  -0.016706331202928
 -0.037209224419624,  -0.921822671783859,   0.540022334209491
 -0.792850428101713,   1.288710056410155,  -0.247832653452051
 -1.177170712200752,  -0.427680929575664,   0.843859439756525
 -1.894623686838284,   0.251625592878373,   1.257733830440750
  0.024409011654860,   0.416822666377473,   0.775505573855915
 -0.863715687597110,   0.454134289001437,  -0.668938636242146
 -0.771390469438035,  -0.679319888479606,   2.284823087959279
 -1.879745408611798,   0.628327105812828,  -0.030681331813849
  1.039329462825675,   0.838981984716255,   0.318953299309927
 -1.565204000527221,   0.126866825615727,   0.476858059657424
  2.092822853394241,  -1.535909060181443,   0.884388037798217
 -2.096097655520699,  -1.236624532109425,  -0.609166788645011
  0.301342587297331,  -0.756063745414865,  -0.121983913493742
 -2.359900759834199,  -1.267041671736477,   1.105800283042378
  0.392597630421921,  -1.726367615881794,   0.734881601188543
 -0.990587329537586,   0.453677459564680,   1.048037209341560
  0.099290515965512,  -1.665897480034135,   1.785634277935924
  0.705636498982687,  -1.558185394445896,  -0.963029432736701
 -0.822201838358115,   0.594429746076886,  -0.865674847361327
  0.169916283101227,   1.565557253139905,   0.517650643791900
 -0.947446268809142,   0.161182555706997,   0.897148952241396
  1.235579502372282,   2.023922435284323,   0.303744818674569
  1.032050742330892,  -0.934435165949648,   0.685150902298381
 -0.773613821752041,   1.810156390402369,  -0.548775618636794
  2.279331298948455,  -1.013965713089031,  -0.620832259427605
 -2.490369923876345,   0.666383953186927,   0.025382761123055
  0.978717614707660,   0.831690849224062,  -0.254152876336938
  0.267628513305060,   0.322498067905508,   0.162787813042074
 -0.372078258364331,  -0.120559165067318,   0.391135125389512
  0.559431950754704,   1.952496335806487,  -1.177639860479396
  0.943125617437421,  -0.702929869876422,  -0.007328664828011
  2.709866095514817,   2.228659678021289,   1.974058373058355
 -0.672385137319378,   0.286039668293424,  -0.574587580472206
  0.827637422576087,   1.389038497768990,  -1.371320453184698
  1.069710166672672,  -1.546598441116651,   0.495568359667198
  0.041030470406600,   0.514507828894869,   0.064033785889784
  0.237884485824909,   0.112535504479136,  -0.907161891337663
  1.189931085122590,  -0.123983740743795,   2.378410162565722
 -0.375389600395649,  -1.176400258720771,  -0.051313743214219
  0.543969485357851,  -1.047954427349351,   0.926222432457646
  1.015547888967457,  -0.864852679620644,  -0.523109049708122
  0.400073647183601,  -1.129233128573491,  -1.598085084366135
 -0.227683149803266,   1.090059268902494,  -0.475557464427305
  0.282564761003696,  -0.087424046775292,  -0.282069600650044
 -1.861796129015004,  -1.904624609141511,   1.055007582810680
  0.786927431650906,   1.356685779276831,  -0.693418800052378
  1.589660031336354,   0.011529717145293,  -0.187060430770830
 -0.859162631439574,   1.102735019429120,   0.848943350141960
 -0.603022837037687,  -0.046307406590371,   0.255331993921110
 -0.776329146161068,  -0.293429454453653,  -0.615293053310877
 -1.015801398204763,   1.130173648056599,  -1.440587822897221
  0.805655045972595,  -1.134954101258829,   1.078012429038674
  0.087327721368217,   1.132566612903321,   1.096801831593480
 -0.447015219731711,   1.866647596405982,   1.127949197021679
 -0.645390879487994,  -0.317019285999329,   1.039960539434261
 -0.801322160432791,  -1.142692837064976,   1.016987246087568
  0.702908620124272,   0.737136293976942,   0.855987222043670
 -0.200264564191264,  -1.025147865941008,  -1.021223224277879
 -0.118003928448614,   1.525676324747373,  -0.446870709432248
 -0.084562796912603,  -0.512615233742745,   0.545113303947612
  1.153416482101112,  -0.611998180734601,   1.618683980686530
 -0.270654535103041,   0.957305611372665,   0.680506538311622
 -0.407732900105248,   2.149430299334281,  -0.826095477973615
  0.406799906899898,   0.080813066963850,   0.947625763160030
 -0.724198522173743,   1.076736095263694,   1.508337940698655
 -0.164394666783946,  -0.454642582378679,  -0.427671530513532
 -0.520038564895623,   1.601682201086278,  -0.938893768417982
  0.510353269544829,  -0.584780350868778,  -0.492000055313323
  1.266585665215070,  -0.970575823531091,   0.871756808582654
 -0.142666770217554,   1.775366748965791,   1.291586984000651
  0.918790479684334,  -0.187506244071134,   0.415335180701591
 -0.078989865760380,   0.691300443057218,  -1.494309658747176
  0.956521784458116,   0.274296626547913,  -0.245245214845672
 -0.660853474459477,   0.413350624589189,  -1.268291594072376
 -0.111241895808499,  -1.220902216498236,   1.917038267664749
  0.819035553081610,   2.378182444288603,   1.167276311655036
  0.530216209624375,   1.120873491932850,   0.076155815195806
  1.823487284851796,   0.043305745821156,  -0.150574561558019
  0.017046128701601,   1.344423619298364,  -1.134830743326351
 -0.015639607066520,  -1.033515216215294,  -0.346915575322928
  1.072727699683903,   0.113591920322105,  -1.461288409432295
 -1.496311023424413,  -0.365927705894951,   0.820348632781418
  0.351025110856137,   0.204582891187115,   0.117180429212717
  2.245094155238097,  -0.793316184964243,  -1.071513214104106
  0.017917326636990,   1.192499801169289,  -1.025845733627201
 -0.526407210455170,  -1.358024988771069,  -0.661966186692903
  1.413779958500464,  -1.152861340214626,  -0.180145250117557
 -1.397191398190163,  -1.470071363837359,  -0.528366790169817
  0.740069459500282,  -0.495836997632100,  -0.748621993939877
  0.262618739032283,  -0.323625789968701,   0.387870720129232
  2.169277826266443,   1.611116711184080,  -1.392174316941998
  0.505523907083415,  -0.770633996555566,  -0.037230190311187
  0.717399663578338,   0.385752533465255,   1.730222578968982
 -1.650707165593889,  -0.054959496584874,   0.442853515091778
  1.622736679093060,  -0.328728607527633,  -0.919481980170680
 -0.575593114717407,  -0.682165384060435,  -1.723712261142253
 -0.527773305039465,  -0.830442307580860,  -0.466341343072477
  2.128450875039428,  -1.413363780929205,   0.627024541836986
  1.066620262311846,   0.309316169579919,  -1.357008917408466
 -0.211816948249392,   0.004223304479704,   1.028241682695834
 -1.171077258286790,  -0.209880770345260,  -1.058396160873017
  1.092558506871242,   0.686669495593861,  -2.246366414653136
 -0.082523381290227,  -0.715780669376781,   1.204049768812393
 -1.562234245734910,   1.466948796505798,   1.450888554889188
  1.776366466694955,   0.474280604996451,  -1.683384866673103
  1.035032205311770,   0.695921100357511,  -0.507567709031706
 -0.034855066298931,  -0.525912417438306,   1.523290902687166
  1.323877883212038,  -0.470862776192206,  -0.828846071445871
 -0.296715353780708,  -0.174565678125605,  -1.036364286607671
  0.279580191533948,   1.382555997744590,   0.559477282135968
 -0.283969522563893,   0.753060835713036,   1.369588636645616
  0.006455240526045,  -0.132994335742571,  -1.104435751503284
 -1.470776796398794,   0.231589125816520,   0.089805354933695
  2.391323440751761,   0.995634750354460,   0.600106183448984
 -0.442845934643281,   1.315689818441108,  -1.771590704316961
 -1.266670483802175,   0.464623430488980,  -1.168787854331501
 -0.653717366375413,   0.843594177225034,   2.075324109258287
 -1.823228759130294,  -0.239808151276666,  -0.700150404726152
  0.401873127974336,   0.747994905283376,  -1.201493998176393
  0.025161552156614,   0.222893666699114,   0.287189243692074
 -0.003329307938907,  -0.008152667502202,  -0.137156300880769
  1.500879851826992,   1.475167180985413,  -1.576577995688974
  0.288105304192787,   0.192914407753198,   0.354855907787667
  0.721690331908335,   0.900222310167145,  -0.387221239930030
 -0.160788447066030,  -2.027769545762071,  -0.557771432572932
  0.570367889321149,   0.048298790468085,   1.224035100647394
 -0.594011274739692,   0.478988739881142,  -2.158352261742847
 -0.448613252378081,   1.434862339840615,   0.866802265859988
 -1.787935834301438,  -0.357107184001305,   0.936409242096036
 -0.480939700547785,   1.554155846614528,   1.663232376386200
 -1.208259754177550,  -0.629638069627352,  -1.630091585731652
 -0.306644250273948,  -0.954725878934640,  -0.652877186388085
  0.789951041292430,   0.706938370717318,  -1.194654422413348
 -0.332803636167590,   0.951890934307308,   1.612943187679478
  1.386131677320655,   1.652533565418147,   1.690874840655303
  0.440017621025989,  -1.314773935652117,   0.269579046269929
 -0.302800701196910,  -0.375439029208505,  -0.779494542879708
  0.887973035433982,  -1.409586540518510,  -1.344304464089256
  0.370741584577778,  -0.506592320464403,   0.182714426636332
 -0.718336256031163,   0.907441915693175,  -0.432657798565115
  1.200900676382882,   0.773846935504702,  -0.540817573282743
 -0.051938900744407,  -0.204717750431538,  -0.953353431921892
 -0.506531281632262,  -0.362871232875248,  -1.278524275269627
 -0.163362289369487,   0.320445028561754,  -0.064282487215775
  0.291415061888442,  -0.021667739824286,   0.057904023473244
 -0.534616733517574,   0.052541652111871,   0.079149208250561
  1.086925942964564,   0.085663406181520,   0.953631826124156
 -0.312441737548672,  -0.277959196333636,   0.753604958246700
  0.227814610553767,   0.619499871747581,   0.638942934299360
 -0.031590844161576,  -0.800283214528333,   0.313979476949210
  0.958243717664871,   0.341576071376852,  -0.039609252528430
  1.753802986817876,   0.803773927667752,   1.102271416682953
 -1.601937563062242,  -2.252461007261100,   0.944575034094145
  0.213211143402035,   0.988568615749866,  -0.786684878852945
  1.311038840790907,  -1.761585619668746,   1.328813890051813
 -0.177949037228431,   0.056229188853826,  -1.674022101732936
  1.277516788344390,   0.250632573985172,   0.229000281280964
 -0.689231787634003,  -0.566440636009918,   0.312234885831902
  0.639231576940491,   1.371173746734446,   1.698078460555803
  0.518073957220561,   0.399580326853072,  -0.314938896481437
 -0.338237293544731,  -0.402514669345194,  -1.348549041239935
 -1.085504073773880,   0.689669015253068,   0.346500857176804
 -0.252897614521469,  -1.377640131676964,  -2.451662834030926
  1.077132845428043,   0.131176617470149,  -0.097112704503123
 -0.514077385523013,  -2.128294104390262,   1.593151301023760
  1.184177604591362,   0.079283354780525,   0.251078383910900
 -1.545404711838982,  -1.498980077999915,  -0.678511480372774
 -0.711584880761768,   0.307638042461290,   1.215976970467930
 -1.195205386963457,   0.407730098481322,   1.748371730917084
  0.417651146517496,  -0.044045996768604,   0.607258180009193
  0.597026487098541,   0.383098847753730,  -0.737998573338841
  0.837756792489165,   0.441291056137758,   0.037949297221311
 -0.265647738036684,   0.739611560720574,   2.479143386007708
  0.618388691130890,   0.046364368215236,   0.535267693686334
 -0.899781237820923,  -0.234156013470770,   0.397543059859197
 -0.257209512667172,  -0.388520665383357,   0.429272742956277
 -0.249534107087066,   0.519963805940176,  -0.624339891725700
 -0.541859992380408,   0.084823052553975,  -0.813985986596247
 -0.976590563421281,  -1.021774667722136,   0.631085808353207
  0.276120872658934,   0.077428231785090,  -0.347868190236896
  0.594127247057868,   0.812731494522265,  -0.256953456725839
  0.372137285136821,  -0.953236153994497,   0.650283980822194
  0.305774918263826,   0.799256369027167,   0.856090940453529
 -1.089372916691360,   0.887632199549737,  -0.796544284118459
 -1.467149496152389,  -0.092571175561209,   0.803219146092686
  0.007764863341209,  -0.824260908717062,  -0.399449601448663
  1.602595919116175,  -0.635224979893854,   0.296163427664805
 -2.007582719682897,   0.969636082533230,   1.518590456093407
 -0.214105959392381,  -1.292318353623071,   0.207504203484781
 -0.183215261570476,  -0.274438674154596,  -0.045482327618097
 -0.018698321637841,   0.196129111548010,   0.512384781426413
 -1.234939300496662,  -0.753488886219556,   0.048729300719648
 -0.753995571126770,   0.013372618657065,  -0.053190535355979
 -1.111587059491181,   0.461152203354061,   0.604125833670817
  1.158939409750544,  -0.440502783577944,   1.858086680385196
  1.141854623081992,  -0.136718596365195,  -0.024847642205002
 -0.232209466127864,  -0.111956433004151,  -1.092823465244754
  0.070753344105234,   1.058162196589423,   0.167534014173106
 -1.315372972433852,   0.360257831898649,  -0.483676908794499
  0.028004502545254,  -0.225904634319499,  -1.140974834349146
 -0.416334885584464,   0.653533390305735,   1.414338571112935
  1.732212279632009,  -0.161877744941194,  -1.625613481452090
  0.821238394032869,  -0.028453319530220,   0.368851025883600
  0.556982287379956,   0.253360801533582,   0.011401478595621
 -0.484427098279108,  -0.980597099502781,  -0.990432161288578
 -0.040054282950218,   0.607291284009639,  -0.458457562951768
  2.798788700071474,   0.448124521987436,  -2.054150219700473
  1.576409423080502,   1.321631224888177,   0.234095879902318
  0.058097393400195,  -1.834737835233885,   1.303399811559873
  0.464290091732805,  -0.221220802926585,  -1.424210421490994
  0.248777629592939,   1.654674565737464,  -1.746588605191512
 -0.156529108443115,   0.357134311174043,   0.073595140897318
 -0.278254833789292,   1.026261779597953,   0.797604942041175
  0.146896565418666,  -0.340325717540361,   0.747932467278737
  0.925158075633548,   0.611029073819925,  -0.355294977186505
  0.838537133871622,   1.477531390063365,  -0.938009048405975
  0.254528920375560,  -1.644121432654119,  -0.319795491172724
  1.082601233834130,   0.702647822879557,  -0.241939115693680
 -1.289674350762190,   0.792590955678990,   2.207937922267191
  0.690110897946481,  -0.688649156518542,  -0.307392299345734
 -1.583639845315770,  -1.165951377125208,  -0.984604878338422
 -0.324163347803247,  -1.320166833383593,   0.136263224640364
 -0.648179710849299,   1.414413465855396,   1.311620608088313
  0.424390561152899,  -1.592908408825178,   1.034049333476580
 -2.219327743540268,   1.249849826663662,   0.377548662952703
 -0.815589547797532,   1.246994972135790,  -0.043134744803572
 -1.507721273451226,  -0.961336828467601,   0.623696029906662
  0.435085334694362,  -0.481868561575631,  -1.240637261904266
  0.270081286144532,   1.737246197730280,  -0.274377080377280
 -0.184277633556791,   0.201943103288889,   0.586652244138197
 -0.214765251577907,  -0.224717248195469,   2.698782387769463
  1.251924181607998,  -0.070091864510884,  -1.016813807670079
 -0.054395618095264,   0.136005556178179,  -0.185169224946658
  0.075438815723578,  -0.288299923640317,  -2.684454473198703
 -0.732166406806887,  -0.994206402352398,  -0.048245079294409
  0.118679729965430,  -1.329979052782915,  -1.121281036048394
 -0.202643737452470,  -1.616894891228363,   1.132084942734339
 -0.188154088425536,  -2.158545152099341,   0.584821300957732
 -0.424038401249274,   0.099644403326586,  -2.296244654119235
 -0.219194397839191,   0.913339232447110,  -0.994937325900402
 -0.108412777443278,  -0.590199685652004,   1.827726121948565
  1.373770504437588,  -0.894538696379002,  -0.203689761582603
 -0.573564083856638,  -0.252234458447454,   0.148243674493989
  1.025687278439640,   0.141029187410736,   1.215348534830044
  0.310565090154665,  -0.319262304140216,   1.476433302470298
  1.465084796727785,   0.143681272271779,  -0.219500157469621
 -0.320849635264032,   3.181001071755370,  -0.723429430969754
 -0.782977210823913,   1.057774147945474,   0.188858143315721
  1.304459034887442,   0.287576709802574,  -0.310235051608775
 -2.838359144296662,  -0.144374550556860,  -1.911443175809644
 -0.605459211439221,   0.294113106275432,   0.474318648194920
  2.509678243316202,  -0.889007193130177,  -0.499141325862562
  0.055211746913293,   2.114277061370290,   0.316815965790858
 -2.044934305668823,  -1.061144785791875,   0.350003542073926
  0.031124421770143,   0.867437494987147,   0.714855887070253
  0.353678531647029,   0.591057195393547,   0.222089548455622
  0.806759130999814,   0.808605883421543,  -0.542570106276282
  1.397971913788651,  -0.845737580913118,  -1.636467389726590
 -0.220729611311834,  -1.452390703789133,  -0.773759160257017
  0.573361158378239,  -0.349697203581802,  -0.370914540739855
  0.605374330414265,   0.779982872980522,   0.750773432147037
 -0.025298257105228,  -0.198514819802760,   0.845367083219935
  0.052492625105161,   1.067415859458620,  -0.761279287526792
 -0.935757183311997,  -0.191372277487844,  -1.711920884676927
 -0.553105297375473,   0.139252358125950,  -0.822358389250253
 -1.053637494534128,   1.308872460235034,   0.173013001643463
  0.337782046856207,   0.531884193398027,   0.408338688193782
 -0.067732574462532,  -0.885397861300349,   0.101043884793739
 -0.180793622802634,  -0.183804237195823,  -0.401575612582691
  1.521860712773777,  -0.727981183985436,   0.335880232962244
  0.155614199948518,  -0.012303270147866,  -0.336900793777878
 -0.062733184541701,  -0.443511468582159,   0.217653623480790
 -0.577351921036821,  -1.247783515489458,   1.561346613563631
 -1.661440602429735,   0.568452040579326,   0.619673944850792
 -0.400761174831372,   0.311037615962737,   0.277794976980712
 -2.303373362031814,   1.231862952175453,  -0.208358666014269
 -0.608980116606795,  -0.879287301037374,   0.916656077317115
 -0.007137193821553,   0.627632595516152,   1.932773264563688
  1.275137113744265,   1.036721614249184,   1.253172777292914
 -0.841933486050700,   0.325203031456200,   0.211068673502724
  0.336168450213182,  -1.381838394540433,  -0.327087897045190
 -0.011039123448703,  -0.626440339067677,  -0.812336044891119
 -2.151367661685713,  -0.165107441158611,  -0.230821626513222
 -1.759505637070066,   0.038750870534799,  -0.480140965009668
 -0.205276084998801,  -0.168530719929055,  -0.145448532415317
  1.260191499438296,  -0.181173708186672,   0.192224793062325
 -0.652346943031832,   0.090905803807832,  -0.914809437071769
  0.760381969024728,   1.096990706578101,  -1.008859767898911
 -0.780424322625022,   0.759474312118611,  -0.395943091988551
 -1.076246987814469,   0.355399436502824,  -0.637288576313863
 -1.260600980008409,   0.156396555093886,   0.020209102665144
 -0.242714331607343,   1.282846100196581,   0.024194760297589
 -0.703879030607284,   0.166768843936142,   1.406331716938136
  0.397169626288638,   0.264937775207973,   1.089583528150420
 -1.381875326049564,  -0.807984284240898,  -0.125388020078055
 -0.986656106487117,   0.757996191032989,   1.336468963896977
 -1.231325193390598,  -1.662649363968623,  -0.891502532156189
 -1.080623873944908,  -1.942569940216121,   0.248242020533408
  0.678647237662871,  -1.690601510139130,  -0.139481362514628
 -0.467620497968114,   0.176623142335221,   1.993488019597962
 -0.599887441706563,  -0.539654535922293,   1.654390010565125
  0.162830596233662,  -0.534545050436511,  -1.053226055306373
  1.062195636555424,  -1.885638579718352,  -0.166266004695503
  1.950139670258668,  -1.107642137655026,  -0.792449984554574
  1.582800099549908,   0.721664727231191,   0.111600929132872
  1.409397401243250,  -0.056877862374614,   0.601788192333607
 -1.770208000499604,  -1.263327253279342,  -2.223506595325755
 -1.621703648753365,   0.009945896868393,  -1.247549463341051
 -0.075355597010115,   1.911311652753527,   0.698632528007970
 -0.758488473023949,   1.975754001528939,   1.400963196541848
  1.129326771071132,  -0.260119171180330,   0.322539959267243
 -0.056126295574868,  -0.311130653905328,   0.628564690973258
  0.138693048184141,   0.704628282528350,  -0.355937148997713
  0.952253260188782,  -0.994841600438230,   1.207462831408348
 -0.091496782872395,  -0.297037867362379,   0.770742666394048
  0.641374011966008,  -1.159005022105073,   0.308473762978239
 -0.583470727265470,   0.394521174167617,  -0.858485802251478
 -0.663604621512739,  -0.302893646575317,   0.891759135753841
 -0.741050431226494,   0.095290550081697,   1.116359043387823
  0.134411038475290,   1.111479657864897,   0.783927447358695
 -0.887922431357249,   0.426224781720848,   1.190210165280087
  0.872020722067449,  -0.266971896118297,  -0.435361314946361
 -2.449205117363165,  -0.711946376645191,   0.755430325080555
 -0.487023526809812,   0.819392573954644,  -0.605323831728581
  0.603470584471914,  -1.869962952020684,   0.877195104646987
 -0.580640438476003,   1.043934429827490,  -1.943640911367307
 -0.308251867970634,   0.190912551977560,   0.664131663454830
  0.145320558433739,   1.107638685404709,   0.007432025321980
  0.121314628896173,   0.145932908611191,  -1.284920982777991
 -1.131504264544045,  -0.872625789877630,   0.975316595303611
  0.501086511917738,  -0.648291678551890,  -0.419761046180595
  1.841546337527299,  -0.048994749939272,   1.847239619068086
  0.879945839784560,   2.073909946766116,  -0.706661741101090
 -0.707236115314468,  -1.575864824548431,   1.266643920741714
  0.116460020585167,  -0.051508100698674,   1.179682806665314
 -0.538508377262370,  -0.336287482417414,  -0.705159031383993
  0.143272199502736,   1.542021636089570,   2.587391031994937
  1.931783862640294,   1.023418227935426,   1.773690745386944
 -0.564134061721963,  -0.309738527320390,  -0.118983711284417
  0.995000493776813,  -0.581597763705448,  -0.717991445966029
 -1.032992826039537,  -2.212838131385399,  -1.214065276339972
  0.314125681178477,  -1.199551846828234,   1.682892635651762
 -0.544943760708922,  -0.485805285512563,  -0.980674517024611
  0.579705471874265,   0.058679822574791,   2.305920386526021
  0.773271714304142,   0.826982067240052,  -0.105185565210600
  0.495786189836882,  -0.849693988538203,   1.072726045312371
 -0.105585283146152,   2.123634615789845,   1.488084820088471
 -1.062682203842668,   0.495804359605336,  -1.311913550671635
 -2.540507278056638,   1.269360543525202,   0.124118035551610
 -0.461438184819337,   2.907202538650566,   0.552638270292214
 -1.372153680030844,  -0.279916817050714,  -0.366692537803748
  1.014271508325060,  -0.065869642200877,  -2.284288253433527
  0.385881057034465,  -0.016797181037895,  -0.849606143146583
 -0.268376523687088,  -0.518560945662387,   1.568523089930811
  0.524767991332859,  -1.016054487525329,  -2.193004911347815
  0.097123256716326,  -0.478204014601171,  -1.826375639505134
 -1.913108608848891,   0.677196934495293,   0.420748447829099
 -0.428335884337635,   0.489108343026847,   0.094079949790920
 -1.105679945223890,   0.673472751252228,   0.035919342160591
 -0.720575565045722,  -0.004721967592768,  -0.376511134753728
 -1.944105612130067,  -0.917865592281982,   0.329256318715341
  0.342448873235324,   0.104632845613135,   0.959900064097941
  0.039324031674275,  -0.409794386966694,  -0.642419947599644
  0.247472052837690,  -0.607887662665331,   1.574528263618009
 -0.254578647490916,   0.668296477597224,  -0.213753185456916
  1.696204155733579,  -0.301619944962881,   0.053167199148513
 -0.226044729993772,  -0.214040197575716,   0.469529352723082
 -1.300515836023545,   0.902689373831630,  -0.944261144569798
  0.935189802146415,   0.641926080066657,   1.010707920395312
  0.801894652405014,  -1.206624651711399,   0.592045363745292
  0.792908442723584,  -1.241757411178141,   0.267455527120484
  0.709963414837289,  -0.773408971261358,  -1.042996254080179
